{
  "dependencies": {
    "storage2": {
      "resourceId": "/subscriptions/[parameters('subscriptionId')]/resourceGroups/[parameters('resourceGroupName')]/providers/Microsoft.Storage/storageAccounts/stpayroll360qa001",
      "type": "storage.azure",
      "connectionId": "myStorageConnectionString",
      "secretStore": "AzureAppSettings"
    },
    "secrets1": {
      "resourceId": "/subscriptions/[parameters('subscriptionId')]/resourceGroups/[parameters('resourceGroupName')]/providers/Microsoft.KeyVault/vaults/pcs-kv-payroll360-dev",
      "type": "secrets.keyVault",
      "connectionId": "ASPNETCORE_HOSTINGSTARTUP__KEYVAULT__CONFIGURATIONVAULT",
      "secretStore": "AzureAppSettings"
    },
    "mssql1": {
      "resourceId": "/subscriptions/[parameters('subscriptionId')]/resourceGroups/[parameters('resourceGroupName')]/providers/Microsoft.Sql/servers/pcs-sql-payroll360-qa/databases/config-qa",
      "type": "mssql.azure",
      "connectionId": "MbkDbConstr",
      "secretStore": "AzureAppSettings"
    }
  }
}